{
  "version": 1,
  "author": "Anonymous maker",
  "editor": "wokwi",
  "parts": [
    {
      "type": "wokwi-breadboard",
      "id": "bb1",
      "top": -118.2,
      "left": -275.6,
      "rotate": 90,
      "attrs": {}
    },
    {
      "type": "board-esp32-s3-devkitc-1",
      "id": "esp",
      "top": -284.02,
      "left": -167.77,
      "rotate": 180,
      "attrs": {}
    },
    {
      "type": "wokwi-pushbutton",
      "id": "btn1",
      "top": -3.4,
      "left": 19.2,
      "attrs": { "color": "black", "xray": "1" }
    },
    {
      "type": "wokwi-pushbutton",
      "id": "btn2",
      "top": 44.6,
      "left": 19.2,
      "attrs": { "color": "black", "xray": "1" }
    },
    {
      "type": "wokwi-pushbutton",
      "id": "btn3",
      "top": 92.6,
      "left": 19.2,
      "attrs": { "color": "black", "xray": "1" }
    },
    {
      "type": "wokwi-pushbutton",
      "id": "btn4",
      "top": 140.6,
      "left": 19.2,
      "attrs": { "color": "black", "xray": "1" }
    },
    {
      "type": "wokwi-resistor",
      "id": "r1",
      "top": -236.05,
      "left": 9.6,
      "attrs": { "value": "1000" }
    },
    {
      "type": "wokwi-resistor",
      "id": "r2",
      "top": -197.65,
      "left": 9.6,
      "attrs": { "value": "1000" }
    },
    {
      "type": "wokwi-led",
      "id": "led1",
      "top": -238.4,
      "left": 90.6,
      "rotate": 180,
      "attrs": { "color": "red" }
    },
    {
      "type": "wokwi-led",
      "id": "led2",
      "top": -200,
      "left": 90.6,
      "rotate": 180,
      "attrs": { "color": "red" }
    },
    {
      "type": "wokwi-led",
      "id": "led3",
      "top": -161.6,
      "left": 90.6,
      "rotate": 180,
      "attrs": { "color": "red" }
    },
    {
      "type": "wokwi-led",
      "id": "led4",
      "top": -123.2,
      "left": 90.6,
      "rotate": 180,
      "attrs": { "color": "red" }
    },
    {
      "type": "wokwi-resistor",
      "id": "r3",
      "top": -159.25,
      "left": 9.6,
      "attrs": { "value": "1000" }
    },
    {
      "type": "wokwi-resistor",
      "id": "r5",
      "top": -120.85,
      "left": 9.6,
      "attrs": { "value": "1000" }
    }
  ],
  "connections": [
    [ "esp:TX", "$serialMonitor:RX", "", [] ],
    [ "esp:RX", "$serialMonitor:TX", "", [] ],
    [ "btn4:1.l", "bb1:50b.h", "", [ "$bb" ] ],
    [ "btn4:2.l", "bb1:52b.h", "", [ "$bb" ] ],
    [ "btn4:1.r", "bb1:50t.c", "", [ "$bb" ] ],
    [ "btn4:2.r", "bb1:52t.c", "", [ "$bb" ] ],
    [ "btn3:1.l", "bb1:45b.h", "", [ "$bb" ] ],
    [ "btn3:2.l", "bb1:47b.h", "", [ "$bb" ] ],
    [ "btn3:1.r", "bb1:45t.c", "", [ "$bb" ] ],
    [ "btn3:2.r", "bb1:47t.c", "", [ "$bb" ] ],
    [ "btn2:1.l", "bb1:40b.h", "", [ "$bb" ] ],
    [ "btn2:2.l", "bb1:42b.h", "", [ "$bb" ] ],
    [ "btn2:1.r", "bb1:40t.c", "", [ "$bb" ] ],
    [ "btn2:2.r", "bb1:42t.c", "", [ "$bb" ] ],
    [ "btn1:1.l", "bb1:35b.h", "", [ "$bb" ] ],
    [ "btn1:2.l", "bb1:37b.h", "", [ "$bb" ] ],
    [ "btn1:1.r", "bb1:35t.c", "", [ "$bb" ] ],
    [ "btn1:2.r", "bb1:37t.c", "", [ "$bb" ] ],
    [ "esp:GND.1", "bb1:bn.2", "black", [ "h19.25", "v-36" ] ],
    [ "bb1:bn.1", "bb1:tn.1", "black", [ "v-40.8", "h175.3" ] ],
    [ "esp:5V", "bb1:bp.2", "red", [ "h28.85", "v-38.4", "h17.1" ] ],
    [ "bb1:bp.1", "bb1:tp.1", "red", [ "v-31.2", "h174.9" ] ],
    [ "r1:1", "bb1:10b.i", "", [ "$bb" ] ],
    [ "led1:A", "bb1:10t.a", "", [ "$bb" ] ],
    [ "led2:A", "bb1:14t.a", "", [ "$bb" ] ],
    [ "led3:A", "bb1:18t.a", "", [ "$bb" ] ],
    [ "led4:A", "bb1:22t.a", "", [ "$bb" ] ],
    [ "r2:1", "bb1:14b.i", "", [ "$bb" ] ],
    [ "r2:2", "bb1:14t.e", "green", [ "v0" ] ],
    [ "r3:1", "bb1:18b.i", "", [ "$bb" ] ],
    [ "r3:2", "bb1:18t.e", "green", [ "v0" ] ],
    [ "r5:1", "bb1:22b.i", "", [ "$bb" ] ],
    [ "r5:2", "bb1:22t.e", "green", [ "v0" ] ],
    [ "esp:4", "bb1:22b.j", "green", [ "h0" ] ],
    [ "esp:5", "r3:1", "green", [ "h67.25", "v-28.8" ] ],
    [ "esp:6", "r2:1", "green", [ "h57.65", "v-96" ] ],
    [ "esp:7", "r1:1", "green", [ "h28.85", "v-124.8" ] ],
    [ "led1:C", "bb1:tn.7", "black", [ "v0" ] ],
    [ "led2:C", "bb1:tn.11", "black", [ "v0" ] ],
    [ "led3:C", "bb1:tn.14", "black", [ "v0" ] ],
    [ "led4:C", "bb1:tn.17", "black", [ "v0" ] ],
    [ "esp:1", "btn1:1.l", "green", [ "h-19.2", "v76.8" ] ],
    [ "esp:2", "btn2:1.l", "green", [ "h-28.8", "v144" ] ],
    [ "esp:42", "btn3:1.l", "green", [ "h-38.4", "v172.8" ] ],
    [ "esp:41", "btn4:1.l", "green", [ "h-48", "v259.2" ] ],
    [ "btn1:2.r", "bb1:tn.30", "green", [ "h0" ] ],
    [ "btn2:2.r", "bb1:tn.34", "green", [ "h0" ] ],
    [ "btn3:2.r", "bb1:tn.38", "green", [ "h0" ] ],
    [ "btn4:2.r", "bb1:tn.42", "green", [ "h0" ] ],
    [ "r1:2", "bb1:10t.e", "green", [ "v0" ] ]
  ],
  "dependencies": {}
}